1,2,3,4,5,6,7,8,9,10,11,12,13,14,15,16,17,18,19,20,21,22,23
12-07-23,21:52:10,0.000,0,0,0,0,0.0,0.0,0.00,0.0,0,0,0,0,0,0.0,8,0,0.0,0.0,0.00,0
13-07-23,2:17:22,4.000,0,-2,7,-20,1.5,-9.2,0.11,37.2,0,20,34,34,21,0.0,356,0,0.0,0.0,-0.05,654
13-07-23,18:42:49,6.520,0,0,0,0,0.0,0.0,0.00,0.0,0,0,0,0,0,0.0,27,0,0.0,0.0,0.00,0
13-07-23,23:32:56,9.500,9,-21,3,19,1.1,0.2,0.47,39.7,0,28,54,46,21,0.0,778,0,130.4,8.2,-0.13,1037
13-07-23,23:57:56,12.546,4,-14,1,14,0.8,1.0,0.42,40.3,0,24,40,36,20,0.0,768,0,146.0,8.0,0.01,1324
14-07-23,1:48:37,4.115,0,0,0,0,0.0,0.0,0.00,0.0,0,0,0,0,0,0.0,8,0,0.0,0.0,0.00,0
14-07-23,2:33:50,12.559,5,-17,1,22,0.5,2.1,0.40,36.8,0,24,44,40,20,7.3,1106,0,138.8,8.0,-0.02,1202
14-07-23,2:38:03,13.759,6,-17,2,17,0.5,2.3,0.40,37.2,0,24,40,36,20,70.3,861,0,132.6,8.2,-0.07,1242
14-07-23,2:56:42,14.771,7,-13,3,20,1.3,2.1,0.35,37.8,0,26,42,36,20,61.5,884,0,151.7,8.1,-0.13,1157
14-07-23,3:12:37,15.782,6,-13,2,20,1.2,2.1,0.35,38.3,0,26,42,36,20,52.7,890,0,151.6,8.2,-0.02,1100
14-07-23,3:21:30,15.053,5,-12,2,20,1.4,2.0,0.33,38.7,0,26,42,36,20,67.4,950,0,157.1,8.2,0.00,1213
15-07-23,8:29:08,16.136,9,-11,6,22,1.6,2.1,0.42,33.7,0,26,42,36,20,60.1,940,0,154.3,8.1,-0.01,966
15-07-23,8:49:15,17.147,9,-10,7,20,1.7,1.3,0.48,36.0,0,26,42,36,20,64.5,824,0,131.0,8.3,0.00,986
15-07-23,9:11:25,18.158,13,-9,11,19,2.3,0.8,0.45,38.4,0,28,44,36,20,61.5,914,0,135.9,8.2,0.01,1023
15-07-23,14:26:13,19.241,11,-7,7,22,2.5,1.1,0.44,39.5,0,30,46,36,20,55.7,791,0,133.2,8.2,0.01,1108
15-07-23,14:48:17,20.252,8,-7,3,16,2.4,-0.3,0.49,41.3,0,30,46,36,20,67.4,688,0,120.2,8.1,0.02,1062
15-07-23,15:08:01,21.266,8,-7,3,19,2.3,0.4,0.54,43.0,0,30,46,36,20,57.1,827,0,152.3,8.1,0.01,1228
15-07-23,18:34:36,22.310,11,-4,7,12,2.8,-2.2,0.48,39.2,0,30,47,36,20,57.1,997,0,176.1,7.9,-0.04,1203
15-07-23,18:59:06,23.321,12,-8,4,9,2.7,-1.9,0.32,39.3,0,33,49,36,20,55.7,841,0,153.6,8.0,0.00,1201
15-07-23,19:23:45,24.334,13,-11,5,7,3.0,-2.4,0.12,39.7,0,33,51,38,20,45.4,1087,0,160.7,8.0,0.01,1418
15-07-23,21:51:56,25.344,14,-10,3,2,3.0,-4.6,0.05,39.0,0,36,56,40,20,70.3,874,0,137.1,8.2,-0.05,1253
15-07-23,22:14:41,26.360,10,-13,-6,2,2.2,-3.8,-0.03,39.1,0,36,56,40,20,64.5,817,0,154.7,8.2,-0.02,1242
15-07-23,22:34:09,27.371,13,-20,-1,8,2.7,-5.0,-0.10,39.3,0,37,69,52,21,93.7,974,0,197.1,7.6,0.01,1458
16-07-23,0:42:48,28.382,-9,-13,-19,0,1.3,-8.3,-0.13,37.2,0,31,62,52,21,71.8,824,0,158.6,8.1,-0.03,1235
16-07-23,1:00:55,29.394,-14,-15,-25,17,0.9,-7.0,-0.06,38.3,0,32,72,62,22,70.3,774,0,140.1,8.2,-0.01,1251
16-07-23,1:20:18,30.409,-11,-14,-19,26,1.0,-5.3,-0.12,39.1,0,29,70,62,22,76.2,851,0,161.0,7.9,0.01,1374
16-07-23,2:59:05,31.425,-12,-1,-19,33,0.9,-5.0,-0.22,39.2,0,29,65,58,22,73.2,947,0,143.0,8.2,-0.08,1317
16-07-23,3:19:01,32.437,-11,5,-16,34,1.2,-4.5,-0.07,39.3,0,29,60,53,22,68.8,930,0,141.8,8.2,0.01,1248
16-07-23,3:39:47,33.450,-11,12,-17,32,0.8,-3.3,-0.23,39.6,0,28,50,44,21,61.5,1047,0,172.0,8.0,0.00,1542
16-07-23,8:24:58,34.504,-13,11,-15,33,0.1,-3.1,-0.41,38.7,0,20,44,41,20,63.0,851,0,155.5,8.0,-0.03,1093
16-07-23,8:43:32,35.518,-9,11,-9,36,0.4,-2.3,-0.45,39.7,0,20,44,41,20,55.7,1033,0,144.2,8.2,0.01,1164
16-07-23,15:52:45,36.621,0,0,0,0,0.0,0.0,0.00,0.0,0,20,44,41,20,41.0,861,0,123.1,8.3,-0.02,966
16-07-23,16:23:25,37.632,0,0,0,0,0.0,0.0,0.00,0.0,0,20,44,41,20,55.7,861,0,145.8,8.2,0.02,1007
16-07-23,16:42:02,38.760,0,0,0,0,0.0,0.0,0.00,0.0,0,20,44,41,20,0.0,661,0,0.0,0.0,0.02,917
16-07-23,21:04:12,39.770,0,13,2,35,1.0,-2.8,-0.40,38.2,0,20,44,41,20,65.9,834,0,133.6,8.2,-0.11,835
16-07-23,21:23:11,40.783,1,9,-2,37,1.3,-1.5,-0.57,38.5,0,24,48,40,20,80.6,877,0,141.2,8.2,-0.03,980
16-07-23,21:36:09,41.795,5,11,3,39,1.7,-1.3,-0.60,38.8,0,24,48,40,20,70.3,1013,0,148.0,8.1,0.00,1097
16-07-23,23:50:38,42.807,8,13,7,38,1.8,-2.3,-0.75,34.5,0,24,48,41,20,65.9,980,0,137.3,8.1,0.01,925
17-07-23,0:09:50,43.818,7,13,0,38,1.7,-1.9,-0.84,37.5,0,27,51,40,20,70.3,874,0,145.7,8.1,-0.06,995
17-07-23,0:23:46,44.832,0,0,0,0,0.0,-1.3,-0.89,38.0,0,27,50,40,20,65.9,1163,0,185.5,7.8,0.01,1256
17-07-23,2:18:54,45.845,17,18,-4,38,1.8,-3.4,-0.46,37.0,0,35,60,40,19,57.1,907,0,138.3,8.4,-0.04,979
17-07-23,2:37:04,46.861,15,14,-7,39,1.5,-2.2,-0.33,38.0,0,36,60,40,19,71.8,811,0,143.4,8.2,-0.02,1002
17-07-23,2:50:45,47.874,0,0,0,0,0.0,-1.4,-0.26,39.2,0,36,60,40,19,67.4,874,0,151.3,8.2,0.00,1044
17-07-23,7:18:51,48.928,8,21,-12,31,0.7,-4.8,0.11,37.7,0,36,56,40,21,55.7,957,0,140.9,8.2,0.05,904
17-07-23,7:41:47,49.942,0,0,0,0,0.0,-4.2,0.25,38.8,0,26,46,40,20,41.0,967,0,148.7,8.2,0.02,996
17-07-23,8:01:39,50.952,3,20,-3,30,0.4,-4.9,0.01,39.8,0,26,46,40,21,51.3,1007,0,153.0,8.0,0.00,1110
17-07-23,9:44:51,51.963,-3,15,-1,34,0.4,-6.4,-0.27,39.1,0,20,50,50,20,60.1,894,0,154.9,8.2,-0.02,1344
17-07-23,10:05:46,52.973,-3,11,-3,34,0.0,-5.6,-0.16,41.0,0,20,50,50,20,39.5,791,0,112.4,8.3,0.01,1322
17-07-23,10:20:54,53.988,-2,8,-4,38,0.1,-4.2,-0.10,42.0,0,20,53,50,20,71.8,980,0,151.5,8.1,0.00,989
17-07-23,15:04:43,55.000,-4,20,-11,28,0.1,-3.6,0.25,43.1,0,24,40,34,20,54.2,1000,0,148.8,8.2,-0.02,997
17-07-23,15:25:14,56.011,1,20,-3,25,0.4,-3.9,0.19,44.2,0,24,38,34,20,55.7,1190,0,151.5,8.1,0.01,1386
17-07-23,15:41:36,57.023,-1,14,-6,21,0.4,-4.0,0.28,44.7,0,24,40,35,20,63.0,1000,0,165.0,8.1,0.02,1035
17-07-23,17:28:40,4.115,0,0,0,0,0.0,0.0,0.00,0.0,0,0,0,0,0,0.0,8,0,0.0,0.0,0.00,0
17-07-23,17:48:41,57.535,0,0,0,0,0.0,0.0,0.00,0.0,0,0,0,0,0,0.0,206,0,0.0,0.0,0.00,0
17-07-23,19:33:40,58.546,2,8,-3,30,1.0,-6.3,0.09,39.5,0,25,58,50,21,82.0,974,0,161.5,7.9,-0.04,1138
17-07-23,19:50:51,59.558,1,5,-5,30,0.8,-5.6,0.18,40.0,0,25,58,50,20,61.5,844,0,172.1,8.0,0.00,1094
17-07-23,20:10:38,60.570,5,8,0,32,0.9,-5.7,0.58,40.7,0,25,58,50,21,60.1,768,0,167.9,8.1,0.00,1021
17-07-23,22:20:32,61.585,6,10,1,39,1.0,-4.5,1.04,38.0,0,25,58,50,21,86.4,957,0,165.5,7.8,-0.04,1013
17-07-23,22:36:01,62.597,8,12,-5,41,1.1,-4.4,0.66,38.7,0,30,63,50,20,54.2,957,0,172.9,8.0,0.00,1176
17-07-23,23:55:02,63.632,0,0,0,0,0.0,0.0,0.00,0.0,0,30,63,49,20,0.0,2745,0,0.0,0.0,0.06,2053
18-07-23,0:24:16,64.644,11,16,-9,45,1.3,-3.7,0.35,39.0,0,35,66,47,20,64.5,900,0,128.3,8.1,-0.10,964
18-07-23,0:41:24,65.656,12,18,-9,49,1.3,-3.2,0.30,38.8,0,35,66,47,20,55.7,947,0,157.8,7.9,-0.01,953
18-07-23,3:02:54,66.668,10,24,-12,48,1.3,-2.5,0.05,34.4,0,35,59,39,19,57.1,1130,0,183.6,7.9,0.04,1062
18-07-23,3:24:24,67.679,4,24,-21,43,0.6,-2.8,-0.02,36.5,0,35,57,37,19,71.8,1050,0,158.4,8.0,-0.06,916
18-07-23,3:40:57,68.688,3,23,-24,42,0.3,-2.5,-0.07,37.3,0,35,57,36,19,57.1,1246,0,181.6,7.7,0.01,951
18-07-23,4:06:46,69.850,0,25,-10,40,-0.2,-3.2,-0.13,37.7,0,24,45,37,20,0.0,439,0,0.0,0.0,0.03,824
18-07-23,8:40:16,70.914,-27,25,-23,32,-1.2,-2.0,-0.19,39.7,0,19,30,36,26,64.5,1057,0,145.2,8.2,-0.04,1209
18-07-23,8:55:03,71.926,-24,21,-19,27,-0.9,-2.4,-0.22,40.8,0,20,30,36,26,70.3,950,0,137.6,8.2,-0.03,1142
18-07-23,9:54:32,72.995,0,0,0,0,0.0,-4.3,-0.24,41.6,0,20,30,36,26,70.3,1120,0,142.9,8.2,-0.02,977
18-07-23,12:21:23,4.115,0,0,0,0,0.0,0.0,0.00,0.0,0,0,0,0,0,0.0,8,0,0.0,0.0,0.00,0
18-07-23,12:26:23,72.955,0,0,0,0,0.0,0.0,0.00,0.0,0,0,0,0,0,0.0,243,0,0.0,0.0,0.00,0
18-07-23,13:30:44,4.115,0,0,0,0,0.0,0.0,0.00,0.0,0,0,0,0,0,0.0,8,0,0.0,0.0,0.00,0
18-07-23,20:36:42,72.900,-3,17,5,11,0.1,-5.3,-0.22,36.6,0,21,31,36,26,0.0,8,0,0.0,0.0,0.10,576
18-07-23,21:21:42,73.900,-5,7,-3,4,0.0,-5.1,0.23,36.7,0,23,37,36,26,0.0,984,0,135.1,8.3,0.00,976
18-07-23,21:31:43,74.900,-1,2,4,-3,0.9,-5.7,0.30,37.2,0,23,37,36,26,0.0,1106,0,144.8,8.2,-0.01,996
18-07-23,21:46:43,75.900,3,-4,8,-16,0.9,-7.5,0.27,37.8,0,23,37,36,26,0.0,505,0,73.5,8.4,-0.01,705
18-07-23,23:51:46,76.900,6,-14,12,-11,1.8,-9.1,0.04,36.8,0,26,54,51,27,0.0,980,0,176.0,8.0,-0.02,1165
19-07-23,0:16:47,77.900,8,-25,2,-19,1.6,-8.0,-0.06,37.4,0,33,60,50,26,0.0,60,0,33.4,0.0,0.14,759
19-07-23,0:31:47,78.900,8,-25,-1,-17,1.1,-7.4,-0.17,37.8,0,33,60,50,26,0.0,907,0,32.6,0.0,0.40,1140
19-07-23,2:01:48,79.900,6,-31,-4,-16,0.9,-7.9,-0.38,38.2,0,34,68,56,27,0.0,1030,0,162.2,8.1,0.00,1234
19-07-23,2:11:48,80.900,7,-32,-5,-14,0.8,-7.3,-0.41,38.4,0,34,68,56,26,0.0,1246,0,164.0,7.9,0.04,1276
19-07-23,2:26:48,81.900,7,-21,-4,-6,0.8,-7.8,-0.14,38.7,0,34,68,56,27,1.5,724,0,33.2,0.0,0.53,1043
19-07-23,12:43:29,85.000,-12,-18,-8,7,1.1,-6.6,-0.10,42.0,0,30,64,64,30,0.0,1319,0,144.6,8.2,-0.04,1115
19-07-23,14:07:44,87.907,0,0,0,0,0.0,0.0,0.00,0.0,0,0,0,0,0,0.0,33,0,0.0,0.0,0.00,0
19-07-23,16:52:48,90.919,0,0,0,0,0.0,0.0,0.00,0.0,0,0,0,0,0,0.0,1156,0,0.0,0.0,0.00,0
19-07-23,20:32:55,91.960,3,-22,-5,-6,1.8,-3.4,0.29,38.8,0,36,56,46,26,0.0,877,0,92.5,8.2,-0.02,963
19-07-23,21:12:56,93.900,6,-20,-2,-4,1.9,-3.7,-0.11,40.2,0,36,57,46,26,0.0,661,0,0.0,0.0,0.07,939
19-07-23,23:12:59,95.000,5,-20,-7,5,1.8,-3.5,-0.29,38.2,0,38,66,51,27,0.0,1050,0,158.2,8.1,-0.01,1068
19-07-23,23:27:59,95.999,8,-23,-5,5,1.6,-3.3,-0.37,38.8,0,37,66,51,26,0.0,1203,0,181.3,7.8,0.01,1078
19-07-23,23:42:59,97.000,6,-22,-8,9,1.4,-3.2,-0.44,39.2,0,37,68,53,27,0.0,947,0,33.6,0.0,0.24,1159
20-07-23,4:03:05,98.000,12,-23,-5,2,1.5,-4.0,-0.61,38.0,0,41,70,53,27,0.0,43,0,32.6,0.0,0.01,696
20-07-23,4:28:06,98.997,7,-21,-5,8,0.9,-3.5,-0.85,37.4,0,35,66,54,27,0.0,877,0,138.3,8.0,0.00,1219
20-07-23,4:33:06,100.000,5,-21,-6,10,0.8,-3.2,-0.79,37.4,0,35,66,54,27,0.0,661,0,32.8,0.0,0.02,1145
20-07-23,13:22:12,102.220,-18,-8,-20,21,-0.4,-3.3,-0.30,41.5,0,24,54,52,26,0.0,1542,0,137.4,8.2,-0.01,1097
20-07-23,14:17:15,105.230,-10,-5,-8,13,0.6,-2.4,0.33,43.5,0,24,42,42,24,0.0,1153,0,153.8,8.1,0.00,1179
20-07-23,16:52:19,108.240,0,-12,1,12,1.4,-3.3,-0.11,43.0,0,26,52,48,24,0.0,1342,0,160.8,8.0,0.00,1215
20-07-23,19:32:27,109.240,-1,-14,-1,12,1.2,-2.8,0.25,39.0,0,26,52,48,24,0.0,1369,0,172.8,8.0,-0.05,1099
20-07-23,20:02:27,110.240,7,-13,9,11,1.6,-3.5,0.62,40.2,0,26,52,48,24,0.0,1030,0,133.4,8.2,0.00,1014
20-07-23,20:12:27,111.240,0,0,0,0,0.0,-3.5,0.66,40.2,0,26,52,48,24,0.0,618,0,32.7,0.0,0.00,873
20-07-23,22:17:31,112.260,18,-13,1,13,1.3,-2.2,0.14,38.0,0,36,60,44,23,0.0,1409,0,183.8,7.9,0.00,1297
20-07-23,22:32:31,113.260,18,-7,-5,11,1.5,-3.6,0.38,38.2,0,40,64,43,23,0.0,1449,0,165.7,8.1,0.00,1237
20-07-23,22:37:31,114.260,18,-6,-2,10,1.8,-4.4,0.35,38.3,0,40,64,44,23,0.0,857,0,32.8,0.0,0.06,887
21-07-23,0:32:36,115.280,11,-5,-18,9,0.9,-4.9,0.50,37.2,0,40,64,40,20,0.0,2828,0,76.6,8.5,0.00,729
21-07-23,1:02:37,116.279,11,-7,-18,6,0.7,-5.0,0.17,37.9,0,39,63,40,20,0.0,43,0,33.5,0.0,0.00,698
21-07-23,1:12:38,117.280,10,-6,-21,8,0.3,-4.8,0.06,38.2,0,39,63,40,20,0.0,1615,0,32.8,0.0,0.15,842
21-07-23,2:57:42,118.292,-28,-10,-60,8,-0.9,-5.4,-0.05,37.0,0,39,66,46,21,0.0,1279,0,173.8,8.1,0.01,1135
21-07-23,3:32:44,120.300,-18,-13,-24,11,-1.8,-5.5,-0.29,37.8,0,22,54,53,24,0.0,974,0,0.0,0.0,0.05,1014
22-07-23,9:37:39,123.320,0,0,0,0,0.0,0.0,0.00,0.0,0,0,0,0,0,0.0,741,0,0.0,0.0,0.00,0
22-07-23,12:42:44,126.355,-25,11,-10,30,-0.9,-1.3,-0.69,39.8,0,21,38,50,35,0.0,1482,0,74.9,8.4,0.14,922
22-07-23,14:27:50,129.319,0,0,0,0,0.0,0.0,0.00,0.0,0,0,0,0,0,0.0,761,0,0.0,0.0,0.00,0
22-07-23,16:27:56,132.350,-9,-8,2,27,2.6,-1.0,-0.31,41.9,0,20,48,46,22,0.0,3,0,32.8,0.0,0.03,892
22-07-23,20:58:33,134.360,10,-13,12,29,3.4,0.4,-0.65,38.1,0,28,56,46,22,0.0,27,0,32.8,0.0,0.00,722
22-07-23,23:18:37,135.370,2,-8,-2,38,2.3,1.6,-0.32,36.5,0,29,57,46,22,0.0,1346,0,168.7,8.1,0.03,1048
22-07-23,23:23:37,136.370,2,-8,-2,39,2.4,1.8,-0.44,36.8,0,29,57,46,22,0.0,1279,0,178.7,8.1,0.02,1072
22-07-23,23:43:38,137.370,9,-9,7,38,2.8,1.9,-0.29,37.5,0,29,57,46,22,0.0,907,0,32.8,0.0,0.02,893
23-07-23,1:53:42,138.400,1,-2,-8,39,3.1,-0.2,-0.15,34.3,0,34,63,46,21,0.0,1379,0,187.8,8.2,-0.10,908
23-07-23,2:28:43,140.390,3,-2,-8,43,2.3,2.9,-0.32,36.5,0,33,56,41,21,0.0,1153,0,166.0,8.0,0.00,1096
23-07-23,3:28:43,142.360,0,0,0,0,0.0,0.0,0.00,0.0,0,0,0,0,0,0.0,2808,0,0.0,0.0,0.00,0
23-07-23,7:45:42,144.360,0,0,0,0,0.0,0.0,0.00,0.0,0,0,0,0,0,0.0,27,0,0.0,0.0,0.00,0
23-07-23,10:25:45,147.439,0,0,0,0,0.0,-0.3,-0.36,40.9,0,22,40,38,22,0.0,1621,0,151.3,8.1,0.03,1334
23-07-23,13:05:48,150.413,0,0,0,0,0.0,0.0,0.00,0.0,0,0,0,0,0,0.0,20,0,0.0,0.0,0.00,0
23-07-23,15:45:50,153.413,0,0,0,0,0.0,0.0,0.00,0.0,0,0,0,0,0,0.0,1080,0,0.0,0.0,0.00,0
23-07-23,18:30:55,154.450,31,-8,10,19,1.7,-2.0,0.36,37.9,0,36,61,41,19,0.0,2429,0,171.1,8.1,0.21,1720
23-07-23,19:30:57,155.450,31,-9,10,18,1.7,-2.0,0.61,38.1,0,36,61,41,19,0.0,2127,0,33.0,0.0,0.54,1498
23-07-23,19:45:58,156.450,28,-10,6,17,1.4,-2.0,0.75,38.0,0,36,61,41,19,0.0,1944,0,0.0,0.0,0.65,1553
23-07-23,21:51:01,157.450,22,-11,-4,14,0.5,-2.5,0.23,37.5,0,36,61,41,19,0.0,2166,0,144.7,8.1,0.38,1476
23-07-23,22:16:02,158.500,16,-13,-13,14,-0.3,-2.2,0.05,37.9,0,36,61,41,19,0.0,2243,0,153.1,8.0,0.48,1517
23-07-23,22:26:02,159.500,15,-13,-14,13,-0.4,-2.4,0.02,37.9,0,36,61,41,19,0.0,1764,0,0.0,0.0,0.99,1297
24-07-23,0:06:04,160.500,5,-18,-13,12,-0.6,-2.1,-0.17,35.7,0,27,54,42,19,0.0,33,0,32.5,0.0,0.63,1409
24-07-23,0:31:04,161.500,3,-18,-6,16,-0.8,-1.3,-0.30,36.6,0,21,49,43,19,0.0,2472,0,146.9,8.1,0.38,1734
24-07-23,0:56:05,162.500,11,-9,0,23,-1.1,-1.5,-0.38,37.2,0,22,49,43,20,0.0,1947,0,0.0,0.0,0.63,1399
24-07-23,3:06:09,163.530,6,-16,-4,19,-1.1,-0.9,-0.54,35.6,0,21,49,43,20,0.0,2495,0,145.6,8.2,0.33,1580
24-07-23,3:41:11,164.530,6,-15,-4,22,-1.1,-0.6,-0.68,36.3,0,21,49,43,20,0.0,2545,0,165.9,8.0,0.29,1666
24-07-23,3:56:11,165.550,8,-15,-2,22,-1.1,-0.3,-0.68,36.3,0,21,49,43,20,0.0,2382,0,0.0,0.0,0.86,1614
24-07-23,10:40:03,168.517,0,0,0,0,0.0,0.0,0.00,0.0,0,0,0,0,0,0.0,50,0,0.0,0.0,0.00,0
24-07-23,13:00:07,171.580,-20,-6,-12,27,-1.2,-0.3,-0.88,40.9,0,19,44,50,30,0.0,3,0,0.0,0.0,0.89,1107
24-07-23,15:40:08,174.600,1,0,1,19,0.4,0.6,0.04,40.2,0,21,36,31,24,0.0,3090,0,147.6,8.3,0.60,1620
24-07-23,19:05:12,175.600,9,-15,12,7,0.7,-0.5,-0.34,36.9,0,21,40,36,24,0.0,2957,0,145.4,8.2,0.28,1353
24-07-23,19:35:13,176.600,8,-19,14,5,0.9,-1.2,-0.44,37.8,0,21,43,42,25,0.0,37,0,32.9,0.0,0.76,965
25-07-23,0:30:18,179.600,35,-27,32,-2,1.8,-2.0,-0.82,36.2,0,29,53,44,24,0.0,2416,0,32.5,0.0,0.83,981
25-07-23,3:25:18,180.600,0,0,0,0,0.0,-1.6,-0.49,33.9,0,28,53,44,24,0.0,2701,0,157.0,8.2,0.53,1220
25-07-23,9:26:10,183.600,0,0,0,0,0.0,0.0,0.00,0.0,0,0,0,0,0,0.0,1013,0,0.0,0.0,0.00,0
25-07-23,10:56:10,186.660,-10,-4,-13,20,0.5,-1.2,-0.11,39.5,0,22,42,38,20,0.0,2701,0,137.1,8.2,0.31,1211
25-07-23,14:01:11,189.680,0,0,0,0,0.0,0.0,0.00,0.0,0,0,0,0,0,1.5,33,0,0.0,0.0,0.00,0
25-07-23,17:50:48,191.690,32,-17,12,26,2.2,0.6,0.08,36.1,0,36,65,44,19,0.0,3638,0,178.8,8.0,0.73,1553
25-07-23,18:05:48,192.690,0,0,0,0,0.0,0.0,0.00,0.0,0,0,0,0,0,0.0,2711,0,0.0,0.0,0.00,0
25-07-23,19:30:49,193.690,29,-13,8,32,1.8,1.0,-0.11,35.6,0,36,65,44,19,0.0,50,0,32.4,0.0,0.96,1343
25-07-23,19:55:49,194.690,21,-8,-4,41,1.0,2.1,0.50,36.3,0,36,65,44,19,0.0,3592,0,183.4,8.0,0.70,1759
25-07-23,20:15:49,195.710,0,0,0,0,0.0,2.7,0.62,36.6,0,36,65,44,19,0.0,3196,0,145.5,8.1,0.64,1557
25-07-23,23:20:52,198.700,16,18,-12,50,-0.8,4.3,0.54,36.2,0,32,43,25,17,0.0,3363,0,164.2,8.0,0.86,1811
26-07-23,1:55:01,199.720,19,19,-8,51,-0.6,4.4,0.50,35.2,0,32,43,25,18,1.5,3087,0,160.3,8.1,0.80,1463
26-07-23,2:30:02,200.720,0,0,0,0,0.0,4.1,0.74,35.9,0,32,40,22,17,0.0,3170,0,155.3,8.1,0.74,1403
26-07-23,3:55:02,201.726,18,24,-11,47,-1.3,4.3,0.87,34.7,0,31,36,19,17,0.0,136,0,0.0,0.0,1.03,1319
26-07-23,12:24:16,204.000,5,26,-11,36,-1.7,2.9,0.46,37.8,0,27,26,20,21,0.0,3064,0,0.0,0.0,1.02,1479
26-07-23,15:24:24,207.000,0,0,0,0,0.0,0.0,0.00,0.0,0,0,0,0,0,0.0,3409,0,0.0,0.0,0.00,0
26-07-23,18:31:59,208.000,2,11,-3,12,-1.3,0.9,0.76,36.6,0,22,22,21,24,0.0,3492,0,162.5,8.1,0.77,1508
26-07-23,18:56:59,209.000,2,4,-2,4,-1.2,0.7,0.96,37.0,0,22,22,21,24,0.0,3549,0,204.0,8.1,0.83,1588
26-07-23,19:27:00,210.000,5,0,-1,12,-1.0,-0.3,0.84,37.5,0,23,34,30,24,0.0,2914,0,32.4,0.0,1.01,1311
26-07-23,21:47:03,211.000,9,-7,3,3,-0.9,-0.7,0.44,36.5,0,23,34,30,24,0.0,3432,0,193.9,7.9,0.75,1521
26-07-23,22:22:04,212.000,7,-18,1,0,-0.7,-1.9,0.47,37.0,0,25,44,40,25,0.0,3190,0,189.3,8.0,0.71,1563
26-07-23,22:37:04,213.000,7,-19,2,4,-0.6,-2.2,0.33,37.2,0,25,49,45,26,0.0,3369,0,199.9,7.8,0.72,1555
27-07-23,0:02:07,214.000,7,-21,-4,5,-0.6,-2.0,0.18,36.3,0,29,53,45,25,0.0,3276,0,160.9,8.1,0.69,1485
27-07-23,0:47:07,215.000,7,-23,-4,1,-0.5,-2.2,0.04,37.2,0,29,53,45,25,0.0,3476,0,168.4,8.1,0.82,1531
27-07-23,1:12:07,216.000,9,-16,-3,9,-0.8,-2.0,-0.09,37.3,0,29,53,45,25,0.0,3452,0,177.1,8.0,0.77,1554
27-07-23,2:52:09,217.000,4,-26,-6,-2,-0.4,-2.2,-0.24,36.3,0,29,53,45,25,0.0,3954,0,126.4,8.2,0.81,1401
27-07-23,3:22:09,218.000,4,-28,-7,-1,-0.4,-2.5,-0.42,36.6,0,29,56,48,25,0.0,3755,0,178.1,7.8,0.75,1624
27-07-23,9:35:01,220.000,-3,-23,-7,7,-0.4,-2.2,-0.41,36.4,0,24,52,48,24,0.0,3625,0,151.8,8.1,0.85,1592
27-07-23,10:35:02,222.000,-1,-25,-6,14,-0.4,-1.6,-0.64,38.2,0,20,52,48,20,0.0,3725,0,176.9,7.9,0.75,1592
27-07-23,14:38:18,225.000,0,0,0,0,0.0,0.0,0.00,0.0,0,0,0,0,0,0.0,950,0,0.0,0.0,0.00,0
27-07-23,16:23:21,227.000,-13,-14,-10,15,0.1,0.4,0.06,38.2,0,20,40,40,24,1.5,3672,0,0.0,0.0,1.09,1174
27-07-23,23:15:20,229.000,7,-24,6,15,0.6,0.2,-0.19,35.7,0,25,52,48,24,0.0,3675,0,168.8,8.1,0.71,1425
27-07-23,23:40:20,230.000,9,-23,7,17,0.8,0.7,0.05,36.3,0,25,52,47,24,0.0,3831,0,169.8,8.1,0.80,1515
28-07-23,0:00:20,231.002,11,-23,3,17,0.9,0.7,-0.18,36.5,0,30,56,47,24,0.0,3280,0,32.6,0.0,0.91,1339
28-07-23,1:40:21,231.998,10,-15,-3,22,0.8,1.6,0.21,36.0,0,30,54,39,23,0.0,3476,0,121.4,8.3,0.81,1382
28-07-23,2:15:22,233.000,9,-12,0,19,0.7,1.9,0.36,36.6,0,29,46,36,23,0.0,6034,0,32.9,0.0,0.88,1164
28-07-23,2:30:22,234.000,9,-11,0,19,0.6,1.8,0.23,36.7,0,29,46,36,23,0.0,3828,0,27.9,0.0,0.89,1284
29-07-23,9:29:01,237.000,0,0,0,0,0.0,0.6,-0.01,37.7,0,26,40,36,26,0.0,3515,0,0.0,0.0,1.10,1460
29-07-23,16:04:11,240.000,-3,-15,-2,20,1.1,-0.8,0.07,39.0,0,21,48,43,20,0.0,3994,0,162.5,8.0,0.95,1679
29-07-23,19:09:18,243.160,0,0,0,0,0.0,0.0,0.00,0.0,0,0,0,0,0,0.0,2924,0,0.0,0.0,0.00,0
29-07-23,20:09:19,244.160,3,-7,5,26,1.4,-0.2,-0.68,37.5,0,20,45,40,20,0.0,4120,0,148.6,8.0,1.00,1545
29-07-23,21:04:22,246.160,11,1,8,20,1.5,0.1,-0.73,37.7,0,23,37,29,19,0.0,3655,0,32.6,0.0,1.04,1193
30-07-23,0:39:31,247.160,12,-4,4,16,1.4,0.2,-0.51,36.0,0,26,40,29,18,0.0,4037,0,177.8,8.0,0.81,1338
30-07-23,2:29:35,249.180,19,-7,2,18,1.1,-0.5,-0.10,36.3,0,31,51,35,19,0.0,1977,0,0.0,0.0,1.05,1226
30-07-23,3:49:36,250.180,0,0,0,0,0.0,0.0,0.15,36.0,0,31,51,35,19,0.0,2446,0,32.8,0.0,1.04,1360
30-07-23,7:39:19,252.200,2,-7,-3,17,1.3,0.7,-0.02,36.1,0,24,40,31,19,0.0,4104,0,144.4,8.0,0.92,1565
30-07-23,14:04:24,255.000,-7,-5,-6,24,1.3,0.8,0.29,38.9,0,20,40,34,20,0.0,3778,0,0.0,0.0,1.07,1463
30-07-23,18:14:29,256.800,7,-14,10,12,1.5,0.4,-0.02,36.0,0,20,38,34,20,0.0,4217,0,151.8,8.1,1.04,1540
30-07-23,18:49:30,258.300,0,0,0,0,0.0,0.0,0.00,0.0,0,0,0,0,0,0.0,136,0,0.0,0.0,0.00,0
31-07-23,0:49:38,260.190,27,-19,10,11,2.6,0.3,0.89,36.4,0,36,56,36,19,0.0,4552,0,182.1,8.0,0.95,1620
31-07-23,1:04:39,261.260,25,-19,6,11,2.3,0.3,1.01,36.6,0,36,56,36,19,0.0,4260,0,204.8,7.9,0.94,1624
31-07-23,3:09:41,262.260,20,-15,-2,13,1.4,0.0,0.33,36.2,0,36,56,36,19,0.0,4416,0,187.4,8.0,0.92,1463
31-07-23,3:44:42,264.260,21,-16,5,12,1.3,-0.1,0.15,36.5,0,32,53,36,20,0.0,1771,0,0.0,0.0,0.97,1242
31-07-23,7:24:10,262.510,6,-7,-13,20,1.2,-0.2,0.17,32.9,0,32,53,36,20,0.0,2661,0,74.5,8.5,1.01,952
31-07-23,9:39:10,267.280,0,0,0,0,0.0,0.0,0.00,0.0,0,0,0,0,0,0.0,33,0,0.0,0.0,0.00,0
31-07-23,13:24:16,270.000,0,0,0,0,0.0,0.7,-0.06,40.0,0,20,36,31,20,0.0,4070,0,0.0,0.0,1.07,1535
31-07-23,16:24:21,273.000,11,-4,11,30,1.7,0.2,0.34,39.6,0,21,46,41,21,0.0,4143,0,32.8,0.0,1.07,1454
31-07-23,19:40:39,274.300,9,-8,10,26,2.1,0.3,0.18,36.8,0,21,46,41,21,0.0,4572,0,151.3,8.0,1.00,1530
31-07-23,20:20:41,275.300,20,-4,23,31,2.5,0.6,0.59,37.7,0,21,46,41,21,0.0,4728,0,218.6,7.9,0.97,1529
31-07-23,21:55:45,276.300,0,0,0,0,0.0,0.5,0.76,34.8,0,21,46,41,21,0.0,3359,0,73.9,8.5,1.10,1144
31-07-23,22:35:45,277.300,14,-7,18,29,3.6,0.9,0.66,36.9,0,21,46,41,21,0.0,4389,0,170.9,8.0,0.95,1517
31-07-23,23:40:47,278.300,7,-6,12,31,4.0,1.2,0.65,37.5,0,21,46,41,21,0.0,4884,0,192.2,8.1,0.93,1759
31-07-23,23:55:48,279.340,13,2,18,39,3.6,1.0,0.86,37.4,0,21,46,41,21,0.0,169,0,0.0,0.0,0.98,1194
01-08-23,1:50:50,280.340,9,-4,16,28,3.9,1.5,0.41,36.1,0,20,41,37,21,0.0,4745,0,195.5,8.0,0.94,1756
01-08-23,3:00:51,282.340,16,0,21,27,3.7,2.0,0.81,36.4,0,20,37,32,20,0.0,3937,0,124.3,8.2,0.95,1627
01-08-23,20:34:18,283.340,11,2,15,28,3.4,1.8,0.62,35.3,0,20,37,32,20,0.0,4413,0,121.9,7.9,0.86,1347
01-08-23,21:04:19,284.400,24,-1,30,25,4.1,2.1,0.58,35.7,0,20,37,32,20,0.0,4951,0,138.4,7.8,0.90,1383
02-08-23,0:34:23,286.400,4,0,9,28,3.8,2.6,0.87,35.2,0,20,37,32,20,0.0,5107,0,147.0,7.7,0.80,1517
02-08-23,1:14:23,287.400,7,0,12,25,3.9,2.4,0.52,35.7,0,20,35,30,20,0.0,5336,0,147.7,7.8,0.88,1507
02-08-23,1:34:23,288.400,8,1,13,25,3.9,2.3,0.41,35.8,0,20,35,30,20,0.0,5120,0,0.0,0.0,1.03,1482
02-08-23,5:01:25,289.400,0,0,0,0,0.0,0.0,0.00,0.0,0,0,0,0,0,0.0,8,0,0.0,0.0,0.00,0
02-08-23,7:51:32,291.400,6,8,4,30,3.9,1.2,0.59,35.8,0,25,40,30,20,0.0,5024,0,30.7,0.0,1.01,1402
02-08-23,14:11:42,297.400,5,6,-10,29,2.4,-1.0,0.61,38.2,0,31,50,34,20,0.0,4718,0,136.3,8.0,0.89,1628
02-08-23,19:17:57,298.400,32,-11,19,10,3.5,-1.5,0.50,35.2,0,31,50,34,20,0.0,4562,0,122.8,8.2,0.85,1511
02-08-23,19:37:57,299.400,31,-14,20,15,3.5,-1.4,0.40,36.0,0,31,55,39,21,0.0,4283,0,130.9,8.2,0.87,1566
02-08-23,20:12:58,300.400,5,-16,-6,12,3.7,-1.6,0.74,36.7,0,31,55,39,21,0.0,3,0,0.0,0.0,0.92,1471
02-08-23,22:22:59,301.670,13,-16,2,13,3.5,-1.1,1.09,36.5,0,31,55,39,21,0.0,4891,0,144.0,8.2,0.87,1697
03-08-23,3:38:04,302.670,22,-16,9,15,2.8,-0.7,0.65,34.8,0,31,55,39,21,0.0,43,0,32.4,0.0,0.96,1347
03-08-23,3:48:04,303.670,19,-13,6,17,2.9,-0.7,0.60,35.2,0,31,55,39,21,0.0,5154,0,145.4,7.9,0.90,1579
03-08-23,6:58:13,305.680,17,-10,3,23,2.7,0.5,0.68,35.3,0,31,55,39,21,0.0,5360,0,151.0,8.2,0.95,1557
03-08-23,10:38:14,308.700,0,0,0,0,0.0,2.2,0.69,37.7,0,30,40,24,20,0.0,223,0,0.0,0.0,0.98,1322
03-08-23,14:03:19,311.720,0,0,0,0,0.0,0.0,0.00,0.0,0,0,0,0,0,0.0,193,0,0.0,0.0,0.00,0
03-08-23,18:40:26,313.700,25,-14,0,0,1.2,1.1,0.75,35.5,0,36,46,25,20,0.0,5519,0,124.3,8.3,0.88,1390
03-08-23,19:00:27,314.700,0,0,0,0,0.0,0.9,0.70,36.3,0,36,46,25,20,0.0,1425,0,32.5,0.0,0.92,1244
03-08-23,20:50:31,315.700,26,-23,-4,7,0.7,0.0,0.62,35.7,0,39,62,38,21,0.0,43,0,32.6,0.0,0.91,1248
03-08-23,21:20:32,316.700,24,-21,-8,11,0.3,0.4,0.48,36.5,0,39,62,38,20,0.0,5230,0,169.4,7.8,0.81,1542
03-08-23,21:45:32,317.700,22,-18,-9,15,0.4,0.8,0.36,36.8,0,39,62,38,20,0.0,4991,0,160.6,7.9,0.81,1576
04-08-23,0:00:35,318.700,20,-22,-13,13,-0.2,1.5,0.60,35.8,0,39,62,38,20,0.0,4914,0,167.7,8.2,0.81,1657
04-08-23,0:30:36,319.700,21,-16,-12,18,-0.3,1.4,0.32,36.2,0,39,62,38,20,0.0,4984,0,164.3,8.0,0.82,1588
04-08-23,3:25:39,320.700,0,0,0,0,0.0,2.0,-0.15,35.7,0,24,39,32,21,0.0,4512,0,113.1,8.2,0.87,1637
05-08-23,7:13:16,323.780,21,0,5,25,-3.4,2.4,0.09,33.9,0,24,39,32,21,0.0,4725,0,0.0,0.0,0.98,1319
05-08-23,11:52:33,326.800,0,0,0,0,0.0,0.0,0.00,0.0,0,0,0,0,0,0.0,1947,0,0.0,0.0,0.00,0
05-08-23,15:22:22,329.852,-14,-11,-16,17,-2.7,1.7,-0.30,37.5,0,20,38,38,25,32.2,0,2,129.4,8.3,0.87,1423
05-08-23,18:53:25,331.104,-25,-13,-28,15,-3.2,1.7,-0.50,36.3,0,20,38,38,25,0.0,3243,0,32.6,0.0,0.98,1438
05-08-23,19:59:02,3318.000,-8,-14,-10,13,-2.3,1.6,-0.72,37.2,0,20,38,38,25,0.0,0,0,33.0,0.0,0.95,1384
05-08-23,20:04:03,331.800,-8,-19,-10,9,-2.4,1.6,-0.72,37.3,0,20,38,38,25,0.0,0,0,33.0,0.0,0.98,1390
05-08-23,20:19:04,331.278,-9,-18,-11,9,-2.3,1.6,-0.71,37.2,0,20,38,38,25,49.9,0,2,102.5,8.4,0.89,1306
05-08-23,22:32:05,332.896,3,-10,-7,16,-1.6,1.6,-0.60,36.1,0,21,38,32,19,38.2,0,2,130.1,8.3,0.90,1665
05-08-23,22:56:21,333.896,3,-7,-6,20,-1.6,1.5,-0.57,36.8,0,21,38,33,19,55.9,0,2,138.2,8.4,0.86,1596
06-08-23,0:26:35,335.344,3,-12,-7,14,-1.7,1.5,-0.77,37.3,0,21,38,32,19,43.8,0,2,146.9,8.1,0.92,1898
06-08-23,2:33:31,336.963,3,-11,-7,16,-1.7,1.5,-0.52,37.1,0,21,38,33,19,32.2,0,2,165.6,8.2,0.89,1731
06-08-23,3:23:03,338.005,1,-11,-9,16,-1.7,1.5,-0.78,37.3,0,21,38,33,19,32.2,0,2,156.2,8.2,0.89,1532
06-08-23,7:14:05,339.014,0,0,0,0,0.0,1.5,-0.89,34.2,0,21,38,33,19,52.6,0,2,161.3,8.1,0.91,1537
06-08-23,14:42:55,344.855,-35,1,-28,18,-2.5,1.1,-0.61,39.0,0,20,32,38,31,0.0,3419,0,32.9,0.0,1.09,1300
06-08-23,16:32:56,346.000,0,0,0,0,0.0,0.9,-0.51,38.5,0,20,32,38,31,0.0,4868,0,0.0,0.0,1.05,1311
06-08-23,19:14:42,347.503,-26,-12,-18,3,-2.1,0.0,-0.33,38.0,0,19,32,38,31,29.5,0,2,144.2,8.3,0.89,1479
06-08-23,19:29:42,346.984,0,0,0,0,0.0,0.0,0.00,0.0,0,0,0,0,0,0.0,3911,0,0.0,0.0,0.00,0
06-08-23,20:36:43,348.002,-21,16,-20,32,-1.8,0.1,-0.30,37.3,0,20,32,33,25,32.0,0,2,140.6,8.1,0.91,1626
06-08-23,21:56:32,349.262,-29,-16,-29,1,-1.8,-1.0,-0.17,39.7,0,20,35,36,25,26.5,0,2,170.8,7.9,0.91,1713
07-08-23,0:41:35,351.017,-34,-14,-23,4,-1.5,-0.6,0.01,36.4,0,20,35,42,32,32.2,0,2,160.0,8.2,0.91,1596
07-08-23,1:23:10,352.070,-33,-11,-22,5,-1.3,-1.2,0.03,37.5,0,20,35,42,32,0.0,1781,0,32.8,0.0,0.94,1068
07-08-23,2:31:52,353.145,-30,-22,-17,-2,-0.7,-1.2,0.15,37.8,0,20,37,44,32,0.0,3509,0,32.7,0.0,0.93,1349
07-08-23,7:20:29,354.142,-22,-21,-10,3,-0.6,-0.9,0.22,35.0,0,20,40,46,32,35.0,0,2,129.7,8.4,0.96,1546
07-08-23,13:44:16,360.000,0,0,0,0,0.0,0.0,0.00,0.0,0,0,0,0,0,0.0,3665,0,0.0,0.0,0.00,0
07-08-23,16:28:59,361.500,-14,3,-11,17,1.9,1.2,-0.03,38.5,0,20,30,26,22,0.0,4519,0,0.0,0.0,0.94,1426
07-08-23,20:33:47,363.070,-6,-11,-1,11,2.3,1.1,0.10,36.3,0,20,35,32,22,38.2,0,2,118.2,8.1,0.95,1638
07-08-23,20:56:16,364.096,-6,-12,-2,10,2.3,1.3,0.14,37.1,0,20,35,32,22,29.0,0,2,149.2,8.4,0.84,1540
07-08-23,22:35:48,365.096,0,0,0,0,0.0,2.2,0.38,38.2,0,24,37,29,19,26.5,0,2,148.0,8.4,0.90,1717
08-08-23,1:03:21,366.983,10,-3,4,16,1.8,2.0,0.51,37.6,0,24,35,26,19,0.0,2356,0,32.7,0.0,0.94,1452
08-08-23,2:11:55,368.303,0,0,0,0,0.0,2.0,0.65,37.9,0,26,37,26,19,26.5,0,2,163.0,8.1,0.80,1569
08-08-23,6:38:41,369.341,0,0,0,0,0.0,1.9,0.36,34.5,0,26,35,24,19,32.2,0,2,163.3,8.2,0.95,1648
08-08-23,9:28:44,368.836,0,0,0,0,0.0,0.0,0.00,0.0,0,0,0,0,0,0.0,33,0,0.0,0.0,0.00,0
08-08-23,10:33:46,372.017,0,0,0,0,0.0,0.2,0.11,38.2,0,20,30,25,20,26.4,0,2,128.6,8.3,0.88,1461
08-08-23,12:40:22,375.059,0,0,0,0,0.0,-1.0,-0.20,39.3,0,20,30,25,20,35.2,0,2,153.4,8.0,0.90,1532
08-08-23,19:07:59,376.101,0,0,0,0,0.0,-1.3,-0.09,32.8,0,30,40,24,20,18.5,0,2,119.0,8.5,0.92,1286
09-08-23,3:31:37,378.801,0,0,0,0,0.0,-3.1,0.17,35.6,0,31,51,37,21,0.0,50,0,32.7,0.0,0.95,1424
09-08-23,4:16:39,380.000,0,0,0,0,0.0,-2.6,0.19,36.8,0,31,51,37,21,0.0,4662,0,32.7,0.0,0.95,1245
09-08-23,8:09:56,381.000,0,0,0,0,0.0,0.0,0.00,0.0,0,0,0,0,0,0.0,924,0,0.0,0.0,0.00,0
09-08-23,15:31:41,383.906,24,-23,7,11,0.5,-0.4,-0.19,38.5,0,30,55,41,20,0.0,2067,0,0.0,0.0,0.97,1385
09-08-23,20:02:45,384.947,26,-31,9,5,0.5,0.5,-0.05,36.3,0,30,55,41,20,20.4,0,2,135.0,8.2,0.81,1519
09-08-23,20:49:04,386.102,18,-29,-2,9,-0.5,1.5,-0.01,37.1,0,30,55,41,20,17.9,0,2,115.8,8.3,0.82,1406
09-08-23,22:57:45,387.156,20,-27,-1,15,-1.3,2.7,0.06,36.3,0,30,55,41,20,0.0,3788,0,32.6,0.0,0.89,1359
10-08-23,0:00:30,388.205,18,-20,-4,18,-2.3,4.5,0.11,37.0,0,29,49,36,20,29.2,0,2,113.5,8.3,0.90,1480
10-08-23,0:19:56,389.204,19,-18,1,21,-2.8,4.8,0.15,37.2,0,25,46,36,20,23.5,0,2,101.8,8.5,0.86,1769
10-08-23,2:39:27,390.221,0,0,0,0,0.0,6.6,0.34,36.7,0,24,34,25,19,32.0,0,2,110.5,8.2,0.86,1526
10-08-23,3:05:29,391.296,15,-1,-3,21,-3.5,7.5,0.41,37.0,0,24,28,20,19,58.6,0,2,198.6,8.5,0.84,1770
10-08-23,3:56:46,392.344,13,0,-5,21,-3.7,7.4,0.42,37.2,0,24,28,20,19,37.7,0,2,156.7,8.3,0.89,1719
10-08-23,11:49:19,396.087,-1,25,-4,23,-2.9,5.7,-0.19,39.0,0,25,18,18,31,32.2,0,2,146.7,8.0,0.92,1651
10-08-23,15:17:19,398.743,0,0,0,0,0.0,4.2,-0.49,38.8,0,26,20,26,38,0.0,5130,0,32.6,0.0,0.95,1087
11-08-23,3:36:37,401.103,-14,3,-12,10,-2.3,2.3,-0.03,37.0,0,19,21,25,25,17.4,0,2,165.4,8.1,0.83,1996
11-08-23,3:45:43,403.376,-14,3,-12,9,-2.2,1.9,-0.02,37.1,0,19,21,25,25,23.4,0,2,156.5,8.2,0.90,1906
11-08-23,4:16:37,404.400,-13,5,-12,12,-2.1,1.5,-0.01,37.5,0,19,23,25,25,2.6,4329,0,0.0,0.0,0.90,1744
12-08-23,14:01:50,407.410,0,0,0,0,0.0,0.0,0.00,0.0,0,0,0,0,0,0.0,3466,0,0.0,0.0,0.00,0
12-08-23,19:14:20,408.908,-36,-1,-34,3,-2.6,-1.5,-0.52,37.1,0,18,26,28,26,29.2,0,2,146.3,7.9,0.75,1649
13-08-23,0:38:05,410.405,-28,-24,-21,-16,-1.5,-2.4,-0.67,35.6,0,18,29,34,27,40.8,0,2,146.6,7.9,0.77,1554
13-08-23,1:02:31,411.510,0,0,0,0,0.0,-2.9,-0.74,36.3,0,19,36,40,27,0.0,3499,0,32.9,0.0,0.89,1718
13-08-23,1:23:57,412.704,-21,-21,-15,-1,-1.0,-2.7,-0.60,36.7,0,17,36,40,24,0.0,4363,0,32.7,0.0,0.86,1622
13-08-23,9:27:54,416.059,0,0,0,0,0.0,0.0,0.00,0.0,0,0,0,0,0,0.0,0,0,0.0,0.0,0.00,0
13-08-23,13:05:03,419.425,-23,-2,-13,18,-0.2,-1.5,-0.58,38.7,0,18,36,40,28,0.0,0,0,0.0,0.0,0.88,1278
13-08-23,16:04:28,421.378,0,0,0,0,0.0,-0.9,-0.68,38.8,0,18,36,38,26,0.0,4240,0,32.6,0.0,0.94,1255
13-08-23,20:43:40,422.387,0,0,0,0,0.0,-0.2,-0.53,37.0,0,18,36,38,26,0.0,37,0,32.7,0.0,0.83,1554
13-08-23,22:32:45,423.469,0,0,0,0,0.0,0.2,-0.47,37.1,0,18,36,38,26,29.0,0,2,122.1,8.2,0.73,1482
14-08-23,0:02:27,424.546,0,0,0,0,0.0,0.9,-0.43,37.7,0,18,36,38,26,26.0,0,2,141.3,8.1,0.75,1545
14-08-23,1:25:56,425.619,11,-24,13,3,2.2,0.7,-0.46,36.8,0,18,37,32,18,40.8,0,2,115.8,8.3,0.78,1572
14-08-23,2:35:53,426.622,11,-24,11,4,2.2,1.1,-0.74,37.7,0,18,37,32,17,14.8,0,2,101.6,8.2,0.75,1711
14-08-23,3:12:20,428.044,17,-24,11,4,2.3,1.3,-0.74,37.7,0,22,40,31,17,38.2,0,2,161.3,8.1,0.75,1892
14-08-23,12:43:02,431.540,-31,11,-38,43,0.9,2.1,-0.57,38.9,0,22,42,34,18,0.0,3326,0,0.0,0.0,0.96,1263
14-08-23,16:32:59,434.484,-10,-6,-13,14,1.0,2.6,-0.56,39.0,0,21,32,26,20,0.0,5154,0,32.8,0.0,0.90,1478
14-08-23,20:51:29,435.565,-2,-15,-3,5,1.3,2.4,-0.80,37.3,0,20,32,26,20,19.2,0,2,155.0,7.9,0.70,1497
14-08-23,21:20:21,436.624,0,-16,-1,4,1.5,2.5,-0.70,37.6,0,20,32,26,20,38.2,0,2,158.7,8.3,0.63,1567
14-08-23,23:40:56,437.664,18,-25,15,-5,0.9,2.4,-0.53,36.9,0,20,32,26,20,38.3,0,2,150.1,8.4,0.75,1593
15-08-23,8:33:27,440.627,34,-10,31,6,1.5,1.9,-0.44,37.2,0,22,32,26,20,43.9,0,2,145.7,8.1,0.81,1570
15-08-23,12:34:39,443.569,0,0,0,0,0.0,0.0,0.00,0.0,0,0,0,0,0,0.0,0,0,0.0,0.0,0.00,0
15-08-23,15:38:07,446.658,0,0,0,0,0.0,1.1,-0.26,38.3,0,30,44,30,20,41.3,3359,0,139.8,8.4,0.85,1575
15-08-23,15:58:09,446.136,0,0,0,0,0.0,1.0,-0.28,38.4,0,30,44,30,20,0.0,5124,0,32.9,0.0,0.94,1543
15-08-23,21:20:48,447.179,30,-19,12,2,0.0,1.3,-0.23,37.0,0,30,44,30,20,32.2,0,2,124.4,8.3,0.68,1657
15-08-23,21:50:48,448.411,0,0,0,0,0.0,1.2,-0.21,37.4,0,30,44,30,20,0.0,3994,0,32.8,0.0,0.79,1535
16-08-23,1:56:29,449.795,0,0,0,0,0.0,0.9,-0.15,36.6,0,30,44,30,20,0.0,4619,0,32.7,0.0,0.84,1011
16-08-23,2:36:29,451.066,0,0,0,0,0.0,1.1,-0.17,37.3,0,30,44,30,20,37.8,0,2,142.5,8.3,0.76,1659
16-08-23,4:08:24,452.903,0,0,0,0,0.0,1.2,-0.14,37.8,0,28,42,30,20,0.0,3878,0,32.7,0.0,0.80,1539
16-08-23,11:04:47,455.102,0,0,0,0,0.0,1.4,-0.16,38.3,0,20,34,34,24,18.9,0,2,125.8,8.1,0.91,1515
16-08-23,15:48:00,458.755,0,0,0,0,0.0,1.4,-0.29,39.0,0,20,34,34,24,23.4,0,2,127.8,8.4,0.80,1485
16-08-23,19:49:08,459.810,0,0,0,0,0.0,1.1,-0.19,37.5,0,20,34,34,24,29.2,0,2,105.2,8.2,0.77,1304
16-08-23,20:40:15,460.891,0,0,0,0,0.0,0.8,-0.14,37.9,0,20,34,34,24,0.0,0,2,68.1,8.5,0.76,1034
16-08-23,21:07:05,461.910,0,0,0,0,0.0,1.1,-0.10,38.0,0,19,34,34,24,35.2,0,2,170.4,8.3,0.83,1744
16-08-23,23:57:13,462.956,0,0,0,0,0.0,0.8,-0.03,37.4,0,20,34,34,24,0.0,5090,0,32.7,0.0,0.82,1175
17-08-23,3:02:23,464.584,-43,-13,-44,7,-2.0,0.8,0.01,34.7,0,20,34,34,24,26.4,0,2,98.5,8.5,0.77,1180
17-08-23,3:53:00,465.822,0,0,0,0,0.0,0.6,0.04,37.2,0,20,37,38,25,17.4,0,2,80.1,8.5,0.66,1152
17-08-23,8:34:56,467.000,0,0,0,0,0.0,0.0,0.00,0.0,0,0,0,0,0,0.0,37,0,0.0,0.0,0.00,0
17-08-23,12:31:39,470.750,0,0,0,0,0.0,0.0,0.00,0.0,0,0,0,0,0,0.0,27,0,0.0,0.0,0.00,0
17-08-23,16:00:26,473.750,4,0,0,26,-0.5,0.7,-0.54,38.7,0,20,38,34,20,0.0,5672,0,0.0,0.0,0.92,1337
19-08-23,9:59:49,476.806,0,0,0,0,0.0,1.7,-0.60,37.1,0,19,32,32,24,0.0,4775,0,0.0,0.0,0.89,1460
19-08-23,15:18:28,479.832,5,23,8,23,0.3,1.3,-0.58,37.7,0,20,20,20,24,30.5,0,2,113.1,8.2,0.80,1359
19-08-23,16:49:06,481.404,-18,7,-17,13,-0.1,1.1,-0.44,37.8,0,19,23,22,22,29.0,0,2,150.9,7.9,0.77,1778
19-08-23,19:28:09,482.934,7,2,7,11,0.3,0.7,-0.40,37.1,0,20,27,25,22,5.6,0,2,138.9,8.3,0.79,1447
19-08-23,20:16:45,483.985,-1,-10,-3,-1,0.6,0.0,-0.37,37.5,0,22,30,26,22,23.5,0,2,143.0,8.1,0.78,1367
19-08-23,21:06:24,485.025,7,-13,6,1,0.2,-0.2,-0.36,37.9,0,22,34,31,23,23.4,0,2,164.7,7.9,0.77,1896
19-08-23,23:23:17,486.075,8,-18,4,-3,0.2,-0.1,-0.35,36.2,0,25,37,32,24,20.9,0,2,135.9,8.1,0.77,1723
20-08-23,0:13:57,487.102,2,-18,-1,-5,0.6,-0.6,-0.34,37.1,0,25,37,32,24,20.4,0,2,143.8,8.4,0.76,1453
20-08-23,2:31:50,488.142,10,-24,6,-10,0.3,-1.3,-0.30,37.8,0,26,40,34,25,0.0,4801,0,32.7,0.0,0.81,1268
20-08-23,6:27:02,489.196,0,0,0,0,0.0,-1.3,-0.31,35.2,0,26,46,38,24,6.0,2176,0,88.6,8.4,0.78,1367
20-08-23,9:28:40,491.816,-1,-15,-4,7,0.0,-0.1,-0.36,37.9,0,24,41,36,24,0.0,1236,0,32.9,0.0,0.82,1266
20-08-23,14:29:54,494.607,0,0,0,0,0.0,1.0,-0.66,39.1,0,24,38,34,24,0.0,4157,0,32.7,0.0,0.85,1152
20-08-23,17:39:04,496.322,-4,-14,-9,7,-0.5,1.3,-0.62,38.5,0,24,39,33,24,26.5,0,2,66.6,8.5,0.82,1013
20-08-23,18:32:56,497.437,0,0,0,0,0.0,1.3,-0.66,38.8,0,24,39,33,24,26.0,0,2,68.6,8.5,0.82,969
20-08-23,21:56:00,498.505,-4,-14,-8,7,-0.5,1.4,-0.73,36.7,0,23,38,33,24,23.4,0,2,116.3,8.3,0.83,1285
20-08-23,22:56:01,500.044,1,-14,-4,9,-0.5,1.6,-0.72,37.8,0,23,38,33,24,32.5,0,2,98.7,8.2,0.81,1078
20-08-23,23:56:57,501.407,0,0,0,0,0.0,2.0,-0.66,38.2,0,23,35,31,24,3.0,6243,0,33.0,0.0,0.85,1248
21-08-23,0:11:58,500.857,0,0,0,0,0.0,0.0,0.00,0.0,0,0,0,0,0,0.0,0,0,0.0,0.0,0.00,0
21-08-23,2:17:01,502.327,6,-13,0,5,-0.7,2.6,-0.61,37.8,0,24,34,29,23,35.2,0,2,96.6,8.5,0.82,1215
21-08-23,3:39:41,503.482,65,13,60,31,-0.1,2.4,-0.60,38.2,0,24,34,29,23,0.0,7016,0,0.0,0.0,0.83,1376
21-08-23,11:36:29,507.000,6,4,1,14,-0.7,1.6,-0.53,38.7,0,24,30,26,24,0.0,5782,0,0.0,0.0,0.90,1029
21-08-23,15:12:53,509.853,0,0,0,0,0.0,0.2,-0.55,38.8,0,20,34,29,20,0.0,5180,0,0.0,0.0,0.82,1281
21-08-23,16:42:18,510.919,8,-12,4,12,-1.0,0.2,-0.50,37.8,0,20,38,34,21,29.5,0,2,108.4,8.2,0.78,1391
21-08-23,18:04:56,511.941,8,-20,2,5,-1.0,0.5,-0.40,38.5,0,20,38,34,20,26.5,0,2,109.3,8.5,0.74,1566
21-08-23,20:31:25,513.022,8,-11,2,14,-1.1,0.2,-0.36,36.6,0,20,38,34,20,26.8,0,2,159.3,8.1,0.67,1619
21-08-23,22:05:18,514.095,9,-10,2,11,-1.3,0.7,-0.33,37.8,0,20,35,30,20,17.4,0,2,137.4,8.3,0.77,1894
21-08-23,23:09:04,515.196,0,0,0,0,0.0,0.8,-0.29,38.0,0,20,34,30,20,26.0,0,2,158.5,8.0,0.75,1810
22-08-23,2:02:32,516.204,0,0,0,0,0.0,0.8,-0.27,37.0,0,20,34,32,22,14.8,0,2,133.7,8.2,0.75,1762
22-08-23,3:19:20,517.509,-37,-4,-41,15,-1.7,0.3,-0.30,37.8,0,20,34,32,22,18.9,0,2,73.4,8.4,0.74,1045
22-08-23,7:15:13,518.517,0,0,0,0,0.0,0.6,-0.49,36.5,0,20,34,31,22,8.8,1565,0,33.3,0.0,0.81,1330
22-08-23,7:25:14,517.999,0,0,0,0,0.0,0.5,-0.49,36.9,0,20,34,31,22,0.0,0,2,44.7,2.4,0.81,1122
22-08-23,8:45:16,519.000,0,0,0,0,0.0,0.0,0.00,0.0,0,0,0,0,0,0.0,249,0,0.0,0.0,0.00,0
22-08-23,13:05:21,521.801,0,0,0,0,0.0,0.6,-0.74,39.0,0,20,22,22,25,0.0,6953,0,32.6,0.0,0.79,1276
22-08-23,22:29:04,523.164,5,-9,8,0,-0.6,1.3,-0.69,43.2,0,20,26,26,25,0.0,6277,0,32.8,0.0,0.81,1477
23-08-23,0:28:22,524.169,12,-14,13,-4,-0.9,1.4,-0.66,44.8,0,20,27,27,25,23.4,0,4,123.6,8.2,0.78,1828
23-08-23,2:13:55,525.180,11,-11,13,-1,-0.8,1.1,-0.65,40.6,0,20,27,27,25,0.0,0,4,89.8,8.3,0.75,1296
23-08-23,3:53:23,526.204,0,0,0,0,0.0,1.1,-0.60,44.2,0,21,28,27,25,17.8,0,4,122.4,8.3,0.82,1654
23-08-23,8:01:43,528.053,-18,-11,-17,-3,-0.6,0.5,-0.60,43.9,0,21,28,27,25,17.4,0,4,127.2,8.2,0.75,1342
23-08-23,22:17:09,532.000,0,0,0,0,0.0,0.1,-0.60,33.2,0,20,24,19,22,0.0,8,0,31.9,0.0,0.80,1329
24-08-23,1:09:03,533.426,-17,-28,-19,-15,-0.7,0.2,-0.49,38.2,0,20,31,28,23,0.0,0,0,32.9,0.0,0.96,1753
24-08-23,7:59:10,534.428,-19,-16,-22,-5,-0.7,0.5,-0.48,35.5,0,20,29,26,22,11.8,0,4,149.5,8.3,0.76,2130
27-08-23,10:45:06,536.009,0,0,0,0,0.0,0.4,-0.66,34.4,0,21,35,31,23,17.8,0,4,89.4,8.4,0.65,1449
27-08-23,13:36:16,537.014,0,0,0,0,0.0,0.7,-0.62,34.6,0,21,35,33,23,32.2,0,4,164.3,8.2,0.72,1891
27-08-23,15:27:22,538.085,0,0,0,0,0.0,1.1,-0.58,38.3,0,21,35,33,23,17.8,0,4,109.3,8.1,0.69,1925
27-08-23,17:04:32,539.115,-41,-32,-41,-12,0.1,0.8,-0.56,39.2,0,21,35,33,24,11.8,0,4,89.8,8.5,0.78,1687
27-08-23,19:24:33,540.202,-18,-10,-20,9,-0.2,0.7,-0.58,37.0,0,21,35,32,23,23.4,0,4,153.9,8.2,0.75,1920
27-08-23,23:50:27,543.000,0,0,0,0,0.0,0.0,0.00,0.0,0,0,0,0,0,0.0,37,0,0.0,0.0,0.00,0
28-08-23,3:18:23,544.500,-27,-19,-24,4,-0.4,0.4,-0.65,36.3,0,21,38,38,26,0.0,4712,0,0.0,0.0,0.85,1187
28-08-23,7:41:23,546.202,0,0,0,0,0.0,1.2,-0.64,37.1,0,20,42,46,29,23.4,0,4,126.8,8.4,0.74,1512
28-08-23,11:11:07,547.219,0,0,0,0,0.0,1.8,-0.62,37.6,0,20,42,46,29,23.4,0,4,136.0,8.2,0.80,1534
28-08-23,12:48:56,548.405,0,0,0,0,0.0,2.5,-0.61,38.4,0,20,41,49,34,29.2,0,4,110.9,8.1,0.79,1669
28-08-23,15:40:27,549.475,0,0,0,0,0.0,2.9,-0.58,37.7,0,20,37,49,36,0.0,0,2,32.8,0.0,0.87,1588
28-08-23,19:20:02,551.708,0,0,0,0,0.0,0.0,0.00,0.0,0,0,0,0,0,0.0,1329,0,0.0,0.0,0.00,0
28-08-23,22:59:58,553.047,-11,-12,-7,17,3.1,3.9,-0.67,39.0,0,20,35,30,20,0.0,0,4,74.8,8.5,0.79,1255
28-08-23,23:48:42,554.076,-8,-6,-4,23,3.6,4.4,-0.65,39.2,0,20,35,29,20,26.5,0,4,145.1,8.1,0.77,1916
29-08-23,0:36:02,555.370,-7,-2,-6,27,4.2,4.4,-0.68,39.3,0,20,34,26,16,17.8,0,4,118.5,8.2,0.76,1631
29-08-23,3:43:14,556.374,-6,5,2,29,4.4,4.6,-0.68,39.4,0,19,30,26,20,26.4,0,4,122.2,8.0,0.78,1485
